time_s,Fz_left_N,Fz_right_N
0.0000,353.61,389.56
0.0010,351.46,387.19
0.0020,352.32,388.14
0.0030,352.50,388.34
0.0040,352.63,388.48
0.0050,354.05,390.05
0.0060,351.67,387.43
0.0070,348.65,384.10
0.0080,350.90,386.58
0.0090,353.63,389.59
0.0100,352.19,388.00
0.0110,353.03,388.92
0.0120,351.39,387.12
0.0130,351.32,387.04
0.0140,350.83,386.50
0.0150,351.59,387.33
0.0160,353.25,389.17
0.0170,351.25,386.97
0.0180,353.91,389.90
0.0190,352.72,388.58
0.0200,353.72,389.69
0.0210,351.94,387.72
0.0220,352.26,388.07
0.0230,352.72,388.59
0.0240,350.81,386.47
0.0250,353.74,389.71
0.0260,351.45,387.18
0.0270,352.30,388.12
0.0280,353.08,388.98
0.0290,353.91,389.89
0.0300,353.03,388.92
0.0310,353.02,388.92
0.0320,354.60,390.65
0.0330,353.69,389.65
0.0340,353.64,389.60
0.0350,354.37,390.40
0.0360,353.00,388.89
0.0370,354.04,390.04
0.0380,349.76,385.32
0.0390,352.30,388.12
0.0400,352.77,388.64
0.0410,352.42,388.25
0.0420,352.71,388.57
0.0430,351.74,387.51
0.0440,353.78,389.75
0.0450,353.05,388.94
0.0460,353.57,389.52
0.0470,352.04,387.84
0.0480,349.88,385.45
0.0490,352.47,388.31
0.0500,351.44,387.17
0.0510,353.02,388.92
0.0520,353.96,389.95
0.0530,355.35,391.48
0.0540,353.66,389.62
0.0550,353.61,389.56
0.0560,353.63,389.59
0.0570,352.44,388.28
0.0580,350.90,386.58
0.0590,350.91,386.59
0.0600,353.81,389.79
0.0610,351.67,387.43
0.0620,352.11,387.91
0.0630,350.35,385.97
0.0640,349.84,385.41
0.0650,351.13,386.84
0.0660,351.38,387.11
0.0670,349.42,384.95
0.0680,353.90,389.88
0.0690,353.77,389.74
0.0700,350.25,385.86
0.0710,351.70,387.46
0.0720,350.03,385.62
0.0730,352.30,388.13
0.0740,353.27,389.19
0.0750,354.18,390.19
0.0760,351.73,387.49
0.0770,351.39,387.12
0.0780,350.37,385.99
0.0790,351.16,386.86
0.0800,350.54,386.18
0.0810,350.72,386.38
0.0820,352.55,388.39
0.0830,349.78,385.35
0.0840,352.61,388.46
0.0850,350.96,386.64
0.0860,351.98,387.77
0.0870,353.17,389.07
0.0880,352.74,388.60
0.0890,349.81,385.38
0.0900,351.94,387.73
0.0910,351.86,387.63
0.0920,354.29,390.31
0.0930,351.19,386.89
0.0940,352.80,388.67
0.0950,348.37,383.79
0.0960,352.69,388.55
0.0970,352.90,388.78
0.0980,352.55,388.39
0.0990,354.62,390.68
0.1000,354.04,390.03
0.1010,352.56,388.41
0.1020,354.15,390.16
0.1030,352.68,388.54
0.1040,353.29,389.21
0.1050,351.02,386.71
0.1060,354.76,390.83
0.1070,353.06,388.95
0.1080,353.36,389.29
0.1090,351.29,387.01
0.1100,349.76,385.32
0.1110,350.31,385.93
0.1120,352.47,388.30
0.1130,352.10,387.90
0.1140,353.75,389.72
0.1150,352.64,388.50
0.1160,353.88,389.86
0.1170,351.62,387.37
0.1180,351.08,386.78
0.1190,351.97,387.75
0.1200,354.03,390.03
0.1210,351.42,387.15
0.1220,353.01,388.91
0.1230,351.55,387.30
0.1240,353.33,389.25
0.1250,353.63,389.58
0.1260,352.42,388.25
0.1270,349.95,385.53
0.1280,352.31,388.13
0.1290,352.21,388.02
0.1300,352.84,388.71
0.1310,352.33,388.16
0.1320,353.01,388.90
0.1330,351.15,386.85
0.1340,352.95,388.84
0.1350,351.36,387.08
0.1360,352.49,388.33
0.1370,352.13,387.93
0.1380,353.82,389.80
0.1390,353.10,389.00
0.1400,354.23,390.25
0.1410,354.41,390.44
0.1420,353.02,388.91
0.1430,353.29,389.21
0.1440,349.35,384.87
0.1450,352.78,388.65
0.1460,353.65,389.60
0.1470,350.76,386.42
0.1480,354.75,390.81
0.1490,352.30,388.12
0.1500,353.11,389.01
0.1510,355.35,391.48
0.1520,352.25,388.06
0.1530,353.23,389.14
0.1540,353.53,389.48
0.1550,354.55,390.60
0.1560,350.77,386.44
0.1570,351.72,387.48
0.1580,354.06,390.06
0.1590,354.83,390.90
0.1600,352.10,387.90
0.1610,351.36,387.08
0.1620,354.67,390.73
0.1630,354.05,390.05
0.1640,351.25,386.96
0.1650,353.41,389.35
0.1660,354.07,390.07
0.1670,354.37,390.40
0.1680,352.79,388.66
0.1690,354.75,390.82
0.1700,351.13,386.83
0.1710,353.21,389.12
0.1720,353.81,389.78
0.1730,353.80,389.77
0.1740,351.07,386.77
0.1750,351.16,386.86
0.1760,353.83,389.80
0.1770,349.50,385.04
0.1780,351.04,386.73
0.1790,353.00,388.89
0.1800,351.59,387.34
0.1810,353.55,389.49
0.1820,352.50,388.34
0.1830,351.77,387.54
0.1840,352.24,388.06
0.1850,353.78,389.75
0.1860,352.26,388.07
0.1870,355.32,391.44
0.1880,351.75,387.52
0.1890,351.44,387.17
0.1900,354.79,390.87
0.1910,352.79,388.65
0.1920,352.65,388.50
0.1930,350.37,385.99
0.1940,352.44,388.28
0.1950,353.38,389.31
0.1960,354.46,390.50
0.1970,352.96,388.85
0.1980,351.77,387.54
0.1990,351.26,386.97
0.2000,352.00,387.79
0.2010,351.00,386.69
0.2020,353.75,389.72
0.2030,353.00,388.89
0.2040,349.86,385.43
0.2050,354.96,391.05
0.2060,352.37,388.20
0.2070,351.46,387.19
0.2080,352.06,387.86
0.2090,352.39,388.22
0.2100,351.16,386.86
0.2110,351.68,387.44
0.2120,351.50,387.24
0.2130,351.11,386.81
0.2140,352.74,388.61
0.2150,351.05,386.74
0.2160,355.27,391.39
0.2170,354.93,391.02
0.2180,353.59,389.54
0.2190,351.41,387.14
0.2200,351.51,387.25
0.2210,352.40,388.23
0.2220,350.20,385.80
0.2230,350.56,386.20
0.2240,350.59,386.24
0.2250,352.00,387.79
0.2260,353.72,389.68
0.2270,351.68,387.44
0.2280,350.93,386.61
0.2290,353.85,389.83
0.2300,352.25,388.07
0.2310,353.54,389.48
0.2320,352.83,388.71
0.2330,351.88,387.66
0.2340,353.75,389.72
0.2350,353.54,389.48
0.2360,353.10,389.00
0.2370,351.16,386.87
0.2380,351.25,386.96
0.2390,353.95,389.93
0.2400,353.90,389.88
0.2410,351.00,386.68
0.2420,352.53,388.37
0.2430,351.39,387.12
0.2440,351.27,386.98
0.2450,352.49,388.33
0.2460,350.68,386.34
0.2470,353.41,389.34
0.2480,352.53,388.37
0.2490,352.41,388.25
0.2500,351.69,387.45
0.2510,351.14,386.84
0.2520,354.54,390.59
0.2530,350.36,385.98
0.2540,353.28,389.19
0.2550,352.66,388.52
0.2560,351.74,387.50
0.2570,352.78,388.65
0.2580,353.73,389.69
0.2590,351.03,386.72
0.2600,353.04,388.93
0.2610,351.79,387.55
0.2620,350.85,386.52
0.2630,350.74,386.40
0.2640,353.05,388.94
0.2650,349.94,385.51
0.2660,354.73,390.80
0.2670,351.03,386.72
0.2680,352.25,388.06
0.2690,351.54,387.29
0.2700,352.24,388.06
0.2710,352.22,388.03
0.2720,354.21,390.23
0.2730,351.59,387.34
0.2740,353.66,389.61
0.2750,349.62,385.17
0.2760,353.12,389.03
0.2770,352.90,388.78
0.2780,353.71,389.67
0.2790,351.49,387.23
0.2800,353.23,389.14
0.2810,351.27,386.99
0.2820,351.50,387.24
0.2830,354.30,390.32
0.2840,353.11,389.02
0.2850,353.14,389.04
0.2860,351.70,387.46
0.2870,352.47,388.30
0.2880,351.64,387.39
0.2890,350.26,385.87
0.2900,352.68,388.53
0.2910,352.19,388.00
0.2920,352.70,388.56
0.2930,353.92,389.91
0.2940,351.50,387.24
0.2950,352.94,388.82
0.2960,354.54,390.59
0.2970,352.75,388.62
0.2980,351.94,387.72
0.2990,353.43,389.36
0.3000,352.42,388.25
0.3010,352.88,388.75
0.3020,352.84,388.72
0.3030,351.23,386.95
0.3040,351.20,386.91
0.3050,352.81,388.68
0.3060,352.91,388.79
0.3070,353.74,389.70
0.3080,353.83,389.81
0.3090,356.52,392.77
0.3100,352.05,387.85
0.3110,353.16,389.06
0.3120,354.81,390.89
0.3130,352.63,388.48
0.3140,351.24,386.95
0.3150,350.72,386.38
0.3160,353.07,388.96
0.3170,350.03,385.62
0.3180,354.15,390.16
0.3190,351.60,387.35
0.3200,354.13,390.14
0.3210,354.05,390.05
0.3220,354.96,391.05
0.3230,352.95,388.83
0.3240,351.48,387.21
0.3250,351.53,387.27
0.3260,352.71,388.57
0.3270,352.21,388.02
0.3280,351.44,387.17
0.3290,353.60,389.55
0.3300,352.42,388.25
0.3310,354.94,391.03
0.3320,352.38,388.21
0.3330,352.34,388.16
0.3340,352.41,388.24
0.3350,350.97,386.65
0.3360,350.71,386.37
0.3370,353.23,389.14
0.3380,352.54,388.38
0.3390,351.80,387.57
0.3400,352.21,388.02
0.3410,352.10,387.90
0.3420,350.96,386.64
0.3430,352.90,388.78
0.3440,352.12,387.92
0.3450,352.59,388.44
0.3460,353.79,389.76
0.3470,353.45,389.39
0.3480,355.34,391.47
0.3490,354.16,390.17
0.3500,354.19,390.21
0.3510,349.88,385.45
0.3520,353.15,389.06
0.3530,350.35,385.98
0.3540,352.16,387.97
0.3550,351.76,387.52
0.3560,353.08,388.98
0.3570,351.17,386.87
0.3580,352.64,388.49
0.3590,350.51,386.15
0.3600,352.36,388.18
0.3610,350.82,386.49
0.3620,353.29,389.21
0.3630,349.87,385.45
0.3640,351.09,386.79
0.3650,352.60,388.45
0.3660,353.15,389.06
0.3670,352.29,388.11
0.3680,353.58,389.53
0.3690,353.85,389.83
0.3700,351.99,387.78
0.3710,349.51,385.04
0.3720,354.32,390.34
0.3730,354.16,390.17
0.3740,351.60,387.35
0.3750,353.80,389.77
0.3760,353.04,388.93
0.3770,351.94,387.73
0.3780,352.27,388.09
0.3790,350.76,386.42
0.3800,350.93,386.61
0.3810,352.29,388.11
0.3820,353.51,389.45
0.3830,351.53,387.27
0.3840,350.99,386.67
0.3850,351.55,387.29
0.3860,353.91,389.89
0.3870,351.60,387.35
0.3880,353.53,389.47
0.3890,352.83,388.70
0.3900,352.77,388.63
0.3910,351.94,387.72
0.3920,354.32,390.35
0.3930,352.33,388.15
0.3940,352.31,388.13
0.3950,355.06,391.16
0.3960,349.61,385.15
0.3970,354.58,390.63
0.3980,352.85,388.72
0.3990,352.85,388.72
0.4000,353.38,389.31
0.4010,353.23,389.14
0.4020,355.73,391.90
0.4030,353.14,389.05
0.4040,353.65,389.61
0.4050,355.04,391.14
0.4060,350.94,386.62
0.4070,355.05,391.15
0.4080,352.94,388.83
0.4090,350.39,386.01
0.4100,352.18,387.99
0.4110,352.45,388.28
0.4120,353.24,389.15
0.4130,352.94,388.82
0.4140,353.16,389.06
0.4150,353.33,389.26
0.4160,352.17,387.98
0.4170,352.05,387.84
0.4180,353.53,389.47
0.4190,351.64,387.39
0.4200,350.45,386.09
0.4210,352.27,388.09
0.4220,351.48,387.21
0.4230,355.48,391.63
0.4240,352.76,388.63
0.4250,351.01,386.70
0.4260,353.04,388.93
0.4270,349.46,384.99
0.4280,351.49,387.23
0.4290,351.93,387.71
0.4300,350.34,385.97
0.4310,351.59,387.34
0.4320,353.21,389.12
0.4330,355.73,391.89
0.4340,353.72,389.69
0.4350,354.13,390.14
0.4360,350.67,386.32
0.4370,352.36,388.19
0.4380,354.21,390.23
0.4390,351.43,387.16
0.4400,352.40,388.23
0.4410,353.49,389.43
0.4420,351.04,386.73
0.4430,353.14,389.04
0.4440,352.13,387.93
0.4450,353.41,389.34
0.4460,349.10,384.59
0.4470,351.54,387.28
0.4480,353.33,389.25
0.4490,352.94,388.83
0.4500,352.67,388.53
0.4510,351.52,387.26
0.4520,354.24,390.25
0.4530,353.27,389.19
0.4540,353.47,389.41
0.4550,350.45,386.09
0.4560,353.72,389.68
0.4570,349.43,384.95
0.4580,350.99,386.68
0.4590,351.65,387.40
0.4600,352.15,387.95
0.4610,353.59,389.55
0.4620,350.82,386.49
0.4630,352.48,388.31
0.4640,351.73,387.49
0.4650,352.74,388.60
0.4660,353.12,389.02
0.4670,352.53,388.38
0.4680,350.91,386.58
0.4690,351.38,387.11
0.4700,355.83,392.00
0.4710,353.15,389.06
0.4720,352.64,388.49
0.4730,351.31,387.03
0.4740,351.91,387.69
0.4750,352.45,388.29
0.4760,353.46,389.40
0.4770,353.61,389.56
0.4780,352.27,388.09
0.4790,353.16,389.06
0.4800,352.42,388.25
0.4810,352.85,388.73
0.4820,352.58,388.43
0.4830,356.39,392.63
0.4840,353.32,389.25
0.4850,352.01,387.80
0.4860,353.28,389.20
0.4870,352.28,388.10
0.4880,350.61,386.26
0.4890,352.37,388.20
0.4900,351.99,387.78
0.4910,352.58,388.43
0.4920,353.44,389.38
0.4930,353.44,389.37
0.4940,354.86,390.94
0.4950,352.49,388.33
0.4960,352.10,387.90
0.4970,353.09,388.99
0.4980,353.22,389.14
0.4990,350.81,386.48
0.5000,356.10,392.31
0.5010,350.51,386.15
0.5020,351.69,387.45
0.5030,353.15,389.06
0.5040,351.58,387.33
0.5050,352.31,388.14
0.5060,353.35,389.28
0.5070,351.89,387.67
0.5080,353.39,389.33
0.5090,351.95,387.74
0.5100,351.95,387.74
0.5110,351.49,387.23
0.5120,351.02,386.71
0.5130,352.85,388.72
0.5140,354.65,390.71
0.5150,354.17,390.18
0.5160,351.55,387.29
0.5170,354.08,390.08
0.5180,351.87,387.65
0.5190,351.08,386.78
0.5200,349.86,385.43
0.5210,353.09,389.00
0.5220,352.12,387.92
0.5230,352.20,388.00
0.5240,348.93,384.40
0.5250,350.19,385.79
0.5260,354.75,390.82
0.5270,352.38,388.21
0.5280,351.92,387.70
0.5290,353.33,389.26
0.5300,349.83,385.40
0.5310,352.74,388.61
0.5320,352.26,388.08
0.5330,352.34,388.17
0.5340,352.07,387.87
0.5350,353.79,389.76
0.5360,351.74,387.50
0.5370,353.98,389.97
0.5380,350.69,386.34
0.5390,353.59,389.54
0.5400,350.02,385.61
0.5410,353.22,389.13
0.5420,353.62,389.58
0.5430,351.09,386.78
0.5440,351.87,387.65
0.5450,353.11,389.01
0.5460,349.70,385.26
0.5470,350.33,385.95
0.5480,354.53,390.57
0.5490,353.73,389.70
0.5500,354.06,390.06
0.5510,350.28,385.89
0.5520,351.59,387.33
0.5530,354.09,390.09
0.5540,351.23,386.94
0.5550,353.47,389.41
0.5560,352.33,388.16
0.5570,351.29,387.01
0.5580,356.49,392.73
0.5590,351.15,386.86
0.5600,351.84,387.61
0.5610,353.33,389.25
0.5620,351.87,387.64
0.5630,352.60,388.45
0.5640,350.11,385.71
0.5650,351.41,387.14
0.5660,351.50,387.24
0.5670,353.19,389.10
0.5680,354.29,390.31
0.5690,352.25,388.06
0.5700,349.95,385.54
0.5710,351.68,387.43
0.5720,352.41,388.24
0.5730,351.63,387.38
0.5740,352.19,387.99
0.5750,350.74,386.41
0.5760,354.15,390.15
0.5770,350.25,385.86
0.5780,353.76,389.73
0.5790,351.85,387.62
0.5800,350.97,386.66
0.5810,353.62,389.57
0.5820,352.81,388.68
0.5830,352.47,388.30
0.5840,352.72,388.58
0.5850,351.01,386.70
0.5860,351.03,386.72
0.5870,353.13,389.03
0.5880,352.39,388.22
0.5890,350.88,386.56
0.5900,352.57,388.42
0.5910,352.99,388.88
0.5920,350.97,386.65
0.5930,352.78,388.65
0.5940,352.17,387.98
0.5950,351.83,387.61
0.5960,355.10,391.20
0.5970,349.16,384.66
0.5980,353.80,389.77
0.5990,352.70,388.56
0.6000,351.82,387.59
0.6010,351.22,386.93
0.6020,354.22,390.24
0.6030,350.74,386.40
0.6040,353.25,389.17
0.6050,351.51,387.25
0.6060,349.45,384.99
0.6070,354.59,390.64
0.6080,352.28,388.10
0.6090,351.74,387.50
0.6100,351.52,387.26
0.6110,353.08,388.97
0.6120,351.76,387.53
0.6130,353.81,389.79
0.6140,352.01,387.80
0.6150,351.96,387.74
0.6160,353.63,389.59
0.6170,354.55,390.60
0.6180,352.59,388.44
0.6190,351.16,386.87
0.6200,352.87,388.75
0.6210,351.78,387.55
0.6220,350.38,386.00
0.6230,352.46,388.30
0.6240,350.32,385.94
0.6250,350.81,386.48
0.6260,353.77,389.74
0.6270,351.18,386.89
0.6280,352.13,387.93
0.6290,351.00,386.68
0.6300,352.11,387.91
0.6310,350.98,386.66
0.6320,354.18,390.19
0.6330,355.23,391.35
0.6340,350.95,386.63
0.6350,354.57,390.62
0.6360,349.48,385.02
0.6370,350.10,385.69
0.6380,351.15,386.85
0.6390,354.03,390.02
0.6400,350.91,386.59
0.6410,352.89,388.77
0.6420,351.80,387.57
0.6430,351.78,387.55
0.6440,354.54,390.59
0.6450,351.72,387.48
0.6460,352.82,388.70
0.6470,353.78,389.75
0.6480,350.27,385.88
0.6490,353.97,389.96
0.6500,352.43,388.26
0.6510,352.55,388.39
0.6520,352.90,388.78
0.6530,353.29,389.21
0.6540,351.73,387.49
0.6550,352.84,388.72
0.6560,354.02,390.01
0.6570,351.15,386.86
0.6580,352.11,387.91
0.6590,354.14,390.15
0.6600,353.18,389.09
0.6610,352.66,388.51
0.6620,353.02,388.91
0.6630,355.12,391.22
0.6640,353.50,389.45
0.6650,351.51,387.25
0.6660,354.28,390.30
0.6670,356.11,392.32
0.6680,352.54,388.39
0.6690,352.51,388.35
0.6700,351.63,387.38
0.6710,351.91,387.69
0.6720,353.14,389.05
0.6730,352.15,387.96
0.6740,352.54,388.38
0.6750,350.75,386.42
0.6760,353.68,389.64
0.6770,351.68,387.44
0.6780,351.80,387.57
0.6790,353.33,389.25
0.6800,352.66,388.52
0.6810,355.53,391.67
0.6820,353.31,389.24
0.6830,352.14,387.94
0.6840,350.02,385.60
0.6850,350.53,386.17
0.6860,351.25,386.96
0.6870,352.17,387.98
0.6880,352.36,388.19
0.6890,351.04,386.73
0.6900,350.89,386.57
0.6910,352.38,388.21
0.6920,354.30,390.33
0.6930,352.83,388.70
0.6940,352.23,388.04
0.6950,353.11,389.02
0.6960,354.11,390.11
0.6970,351.08,386.77
0.6980,352.43,388.27
0.6990,352.49,388.33
0.7000,353.64,389.60
0.7010,352.23,388.04
0.7020,353.65,389.60
0.7030,350.54,386.18
0.7040,353.29,389.21
0.7050,351.39,387.12
0.7060,352.37,388.20
0.7070,353.13,389.03
0.7080,353.27,389.19
0.7090,351.94,387.72
0.7100,351.24,386.95
0.7110,349.95,385.53
0.7120,354.12,390.12
0.7130,353.24,389.16
0.7140,351.07,386.77
0.7150,351.03,386.72
0.7160,351.72,387.48
0.7170,353.52,389.46
0.7180,351.32,387.04
0.7190,352.14,387.94
0.7200,351.14,386.85
0.7210,352.17,387.98
0.7220,351.29,387.00
0.7230,353.27,389.19
0.7240,353.16,389.06
0.7250,350.19,385.80
0.7260,351.57,387.32
0.7270,352.94,388.83
0.7280,353.73,389.70
0.7290,351.23,386.94
0.7300,352.39,388.21
0.7310,349.74,385.29
0.7320,352.38,388.21
0.7330,353.95,389.94
0.7340,354.99,391.08
0.7350,349.36,384.88
0.7360,351.77,387.53
0.7370,352.21,388.02
0.7380,351.39,387.11
0.7390,351.31,387.03
0.7400,351.66,387.41
0.7410,353.08,388.98
0.7420,351.28,387.00
0.7430,348.96,384.44
0.7440,353.22,389.13
0.7450,352.09,387.89
0.7460,351.05,386.75
0.7470,353.67,389.63
0.7480,350.58,386.23
0.7490,352.42,388.25
0.7500,354.06,390.06
0.7510,350.81,386.48
0.7520,351.58,387.32
0.7530,353.29,389.21
0.7540,352.49,388.33
0.7550,352.15,387.96
0.7560,356.23,392.45
0.7570,351.68,387.44
0.7580,352.72,388.58
0.7590,352.64,388.49
0.7600,351.99,387.78
0.7610,354.02,390.02
0.7620,354.26,390.28
0.7630,350.64,386.29
0.7640,351.09,386.79
0.7650,352.88,388.76
0.7660,353.12,389.02
0.7670,353.35,389.27
0.7680,350.47,386.11
0.7690,353.15,389.06
0.7700,351.95,387.73
0.7710,351.73,387.49
0.7720,352.18,387.99
0.7730,352.36,388.18
0.7740,351.68,387.43
0.7750,352.28,388.10
0.7760,350.97,386.65
0.7770,354.50,390.54
0.7780,353.11,389.01
0.7790,351.21,386.92
0.7800,352.18,387.99
0.7810,353.48,389.42
0.7820,351.11,386.80
0.7830,353.07,388.96
0.7840,355.46,391.60
0.7850,355.11,391.21
0.7860,351.22,386.93
0.7870,351.24,386.95
0.7880,352.99,388.87
0.7890,351.59,387.33
0.7900,352.45,388.29
0.7910,353.19,389.10
0.7920,352.67,388.52
0.7930,353.10,389.01
0.7940,355.89,392.08
0.7950,352.49,388.32
0.7960,352.75,388.62
0.7970,351.70,387.46
0.7980,353.27,389.19
0.7990,351.73,387.49
0.8000,354.52,390.56
0.8010,355.84,392.02
0.8020,350.03,385.62
0.8030,354.30,390.33
0.8040,350.84,386.51
0.8050,352.00,387.79
0.8060,351.78,387.55
0.8070,353.59,389.54
0.8080,352.14,387.95
0.8090,351.69,387.45
0.8100,354.01,390.00
0.8110,353.57,389.52
0.8120,352.75,388.62
0.8130,352.91,388.79
0.8140,350.51,386.15
0.8150,352.05,387.84
0.8160,355.23,391.34
0.8170,352.37,388.19
0.8180,352.60,388.45
0.8190,355.34,391.47
0.8200,351.18,386.88
0.8210,350.81,386.48
0.8220,354.81,390.88
0.8230,350.40,386.03
0.8240,351.84,387.61
0.8250,353.68,389.64
0.8260,350.26,385.87
0.8270,354.30,390.32
0.8280,351.03,386.72
0.8290,349.83,385.40
0.8300,353.80,389.77
0.8310,354.86,390.94
0.8320,353.34,389.27
0.8330,353.68,389.64
0.8340,352.85,388.73
0.8350,352.67,388.52
0.8360,351.09,386.79
0.8370,352.63,388.48
0.8380,351.06,386.75
0.8390,353.54,389.49
0.8400,352.32,388.15
0.8410,351.92,387.70
0.8420,351.28,386.99
0.8430,353.83,389.81
0.8440,352.91,388.79
0.8450,353.67,389.63
0.8460,353.66,389.62
0.8470,350.98,386.66
0.8480,353.67,389.63
0.8490,349.41,384.94
0.8500,352.65,388.51
0.8510,354.64,390.70
0.8520,352.08,387.88
0.8530,352.86,388.74
0.8540,349.66,385.21
0.8550,352.93,388.82
0.8560,350.54,386.18
0.8570,352.61,388.46
0.8580,351.75,387.51
0.8590,349.26,384.77
0.8600,352.47,388.31
0.8610,351.46,387.19
0.8620,352.52,388.37
0.8630,350.35,385.98
0.8640,351.40,387.13
0.8650,352.45,388.29
0.8660,353.57,389.52
0.8670,351.02,386.71
0.8680,350.27,385.88
0.8690,352.12,387.92
0.8700,354.06,390.06
0.8710,353.70,389.66
0.8720,352.92,388.81
0.8730,355.07,391.17
0.8740,353.22,389.13
0.8750,352.27,388.09
0.8760,352.54,388.38
0.8770,355.60,391.75
0.8780,350.86,386.54
0.8790,351.58,387.33
0.8800,353.07,388.96
0.8810,350.78,386.44
0.8820,352.69,388.55
0.8830,353.87,389.85
0.8840,354.14,390.14
0.8850,352.21,388.02
0.8860,352.23,388.05
0.8870,354.24,390.25
0.8880,351.46,387.19
0.8890,354.83,390.90
0.8900,352.23,388.04
0.8910,353.83,389.81
0.8920,353.69,389.65
0.8930,354.99,391.09
0.8940,353.18,389.09
0.8950,351.36,387.08
0.8960,353.46,389.40
0.8970,351.94,387.72
0.8980,352.64,388.50
0.8990,353.19,389.10
0.9000,351.44,387.17
0.9010,353.91,389.90
0.9020,351.04,386.73
0.9030,351.89,387.67
0.9040,351.52,387.26
0.9050,354.70,390.77
0.9060,351.59,387.34
0.9070,351.42,387.15
0.9080,352.90,388.78
0.9090,351.58,387.33
0.9100,351.55,387.29
0.9110,351.16,386.87
0.9120,351.91,387.69
0.9130,353.93,389.91
0.9140,350.26,385.87
0.9150,355.02,391.11
0.9160,353.84,389.82
0.9170,353.17,389.07
0.9180,350.22,385.83
0.9190,352.07,387.86
0.9200,353.28,389.20
0.9210,352.06,387.86
0.9220,353.48,389.42
0.9230,355.94,392.13
0.9240,354.16,390.17
0.9250,353.63,389.58
0.9260,353.34,389.27
0.9270,352.49,388.33
0.9280,350.22,385.83
0.9290,350.76,386.42
0.9300,351.08,386.78
0.9310,351.93,387.71
0.9320,351.32,387.04
0.9330,354.15,390.15
0.9340,350.09,385.68
0.9350,353.79,389.77
0.9360,352.96,388.85
0.9370,352.80,388.67
0.9380,351.77,387.54
0.9390,353.16,389.06
0.9400,351.23,386.94
0.9410,352.12,387.92
0.9420,352.01,387.80
0.9430,351.43,387.16
0.9440,354.67,390.73
0.9450,352.01,387.80
0.9460,353.50,389.44
0.9470,352.90,388.78
0.9480,350.34,385.96
0.9490,352.32,388.14
0.9500,352.14,387.95
0.9510,352.66,388.52
0.9520,350.66,386.31
0.9530,349.91,385.49
0.9540,353.28,389.20
0.9550,352.13,387.94
0.9560,350.38,386.00
0.9570,355.65,391.81
0.9580,355.42,391.56
0.9590,350.85,386.53
0.9600,353.03,388.92
0.9610,352.43,388.26
0.9620,351.80,387.57
0.9630,350.91,386.59
0.9640,354.11,390.12
0.9650,353.99,389.98
0.9660,352.87,388.75
0.9670,352.34,388.16
0.9680,352.40,388.24
0.9690,352.99,388.88
0.9700,352.13,387.93
0.9710,351.70,387.46
0.9720,350.17,385.78
0.9730,350.71,386.37
0.9740,353.70,389.66
0.9750,351.54,387.28
0.9760,354.03,390.03
0.9770,351.42,387.15
0.9780,354.90,390.98
0.9790,354.48,390.52
0.9800,354.03,390.02
0.9810,350.21,385.82
0.9820,351.54,387.28
0.9830,349.98,385.57
0.9840,350.39,386.02
0.9850,351.49,387.22
0.9860,351.74,387.50
0.9870,350.77,386.43
0.9880,349.84,385.41
0.9890,351.14,386.84
0.9900,353.05,388.94
0.9910,351.60,387.35
0.9920,352.52,388.36
0.9930,349.77,385.33
0.9940,354.77,390.84
0.9950,351.36,387.08
0.9960,351.68,387.44
0.9970,352.13,387.93
0.9980,352.14,387.94
0.9990,350.99,386.68
1.0000,351.97,387.76
1.0010,353.50,389.44
1.0020,348.66,384.11
1.0030,350.45,386.08
1.0040,349.85,385.42
1.0050,346.24,381.44
1.0060,345.84,381.01
1.0070,346.35,381.57
1.0080,344.16,379.16
1.0090,345.39,380.51
1.0100,344.68,379.73
1.0110,340.34,374.94
1.0120,341.97,376.73
1.0130,339.73,374.27
1.0140,337.32,371.62
1.0150,336.14,370.32
1.0160,334.96,369.01
1.0170,334.51,368.52
1.0180,333.77,367.70
1.0190,334.81,368.85
1.0200,332.37,366.16
1.0210,334.67,368.70
1.0220,329.71,363.23
1.0230,330.39,363.99
1.0240,327.74,361.06
1.0250,324.99,358.04
1.0260,327.59,360.90
1.0270,324.88,357.91
1.0280,325.64,358.75
1.0290,321.61,354.31
1.0300,320.99,353.62
1.0310,321.85,354.57
1.0320,321.52,354.21
1.0330,319.80,352.32
1.0340,321.21,353.86
1.0350,318.59,350.98
1.0360,318.36,350.73
1.0370,315.58,347.67
1.0380,314.64,346.63
1.0390,315.67,347.76
1.0400,315.33,347.39
1.0410,311.68,343.37
1.0420,312.62,344.41
1.0430,312.00,343.72
1.0440,310.30,341.85
1.0450,308.14,339.47
1.0460,307.70,338.98
1.0470,307.99,339.30
1.0480,304.52,335.48
1.0490,305.47,336.53
1.0500,302.08,332.80
1.0510,304.34,335.28
1.0520,302.40,333.15
1.0530,299.12,329.54
1.0540,300.00,330.50
1.0550,299.76,330.23
1.0560,297.16,327.38
1.0570,297.14,327.36
1.0580,299.14,329.55
1.0590,293.46,323.30
1.0600,297.14,327.35
1.0610,295.69,325.76
1.0620,294.73,324.70
1.0630,291.12,320.72
1.0640,291.47,321.10
1.0650,291.21,320.82
1.0660,287.98,317.26
1.0670,289.75,319.21
1.0680,288.69,318.04
1.0690,287.45,316.67
1.0700,286.37,315.48
1.0710,286.24,315.34
1.0720,284.34,313.25
1.0730,285.55,314.58
1.0740,284.53,313.46
1.0750,282.74,311.48
1.0760,282.06,310.74
1.0770,279.44,307.85
1.0780,278.14,306.42
1.0790,279.22,307.61
1.0800,276.38,304.48
1.0810,279.65,308.08
1.0820,275.22,303.20
1.0830,276.62,304.75
1.0840,275.62,303.64
1.0850,275.85,303.90
1.0860,273.58,301.40
1.0870,274.15,302.02
1.0880,271.59,299.20
1.0890,272.22,299.89
1.0900,273.22,301.00
1.0910,269.47,296.87
1.0920,268.67,295.98
1.0930,267.41,294.60
1.0940,267.19,294.35
1.0950,265.04,291.98
1.0960,267.00,294.14
1.0970,266.09,293.14
1.0980,265.67,292.69
1.0990,262.74,289.46
1.1000,263.44,290.23
1.1010,262.43,289.11
1.1020,263.26,290.02
1.1030,259.88,286.31
1.1040,260.29,286.76
1.1050,259.05,285.38
1.1060,258.16,284.41
1.1070,258.83,285.14
1.1080,258.62,284.92
1.1090,257.02,283.16
1.1100,261.52,288.10
1.1110,254.89,280.80
1.1120,256.03,282.06
1.1130,255.56,281.54
1.1140,256.02,282.05
1.1150,252.70,278.39
1.1160,252.93,278.65
1.1170,253.19,278.93
1.1180,250.99,276.51
1.1190,252.68,278.37
1.1200,251.42,276.98
1.1210,250.00,275.42
1.1220,250.15,275.58
1.1230,249.56,274.94
1.1240,247.62,272.79
1.1250,248.53,273.80
1.1260,248.78,274.08
1.1270,246.03,271.05
1.1280,246.09,271.11
1.1290,244.83,269.72
1.1300,246.88,271.98
1.1310,245.27,270.21
1.1320,245.71,270.69
1.1330,247.76,272.96
1.1340,243.13,267.85
1.1350,241.95,266.55
1.1360,244.80,269.69
1.1370,241.65,266.22
1.1380,240.06,264.47
1.1390,240.73,265.21
1.1400,242.00,266.60
1.1410,241.02,265.53
1.1420,238.18,262.40
1.1430,240.45,264.90
1.1440,242.26,266.89
1.1450,237.81,261.99
1.1460,238.50,262.75
1.1470,236.91,261.00
1.1480,236.04,260.04
1.1490,238.99,263.29
1.1500,236.86,260.94
1.1510,238.51,262.76
1.1520,235.59,259.55
1.1530,234.66,258.52
1.1540,236.92,261.01
1.1550,232.87,256.55
1.1560,234.26,258.08
1.1570,235.07,258.98
1.1580,233.92,257.70
1.1590,236.00,260.00
1.1600,231.94,255.53
1.1610,233.00,256.69
1.1620,232.14,255.75
1.1630,232.83,256.50
1.1640,231.10,254.60
1.1650,235.05,258.94
1.1660,231.77,255.34
1.1670,234.91,258.79
1.1680,234.25,258.07
1.1690,233.17,256.87
1.1700,230.77,254.24
1.1710,232.22,255.83
1.1720,232.40,256.03
1.1730,233.10,256.80
1.1740,228.98,252.26
1.1750,229.49,252.83
1.1760,229.64,252.99
1.1770,231.20,254.71
1.1780,230.29,253.71
1.1790,232.77,256.44
1.1800,229.15,252.45
1.1810,229.05,252.34
1.1820,227.63,250.77
1.1830,229.06,252.35
1.1840,229.97,253.35
1.1850,228.55,251.79
1.1860,227.32,250.43
1.1870,229.25,252.56
1.1880,227.74,250.90
1.1890,228.54,251.78
1.1900,227.16,250.25
1.1910,227.97,251.15
1.1920,226.66,249.70
1.1930,228.61,251.85
1.1940,227.29,250.40
1.1950,230.93,254.41
1.1960,231.99,255.58
1.1970,230.98,254.47
1.1980,230.30,253.72
1.1990,229.41,252.73
1.2000,229.12,252.42
1.2010,229.59,252.93
1.2020,229.76,253.12
1.2030,228.27,251.48
1.2040,232.74,256.41
1.2050,229.99,253.38
1.2060,229.91,253.29
1.2070,229.48,252.81
1.2080,230.51,253.95
1.2090,229.61,252.96
1.2100,230.83,254.30
1.2110,230.64,254.09
1.2120,229.63,252.98
1.2130,231.87,255.44
1.2140,230.71,254.16
1.2150,229.83,253.20
1.2160,230.69,254.14
1.2170,231.78,255.35
1.2180,229.69,253.05
1.2190,232.63,256.28
1.2200,234.32,258.14
1.2210,232.34,255.97
1.2220,232.77,256.44
1.2230,233.63,257.39
1.2240,231.96,255.54
1.2250,235.00,258.90
1.2260,235.48,259.42
1.2270,234.28,258.10
1.2280,233.96,257.75
1.2290,234.17,257.98
1.2300,234.13,257.93
1.2310,234.94,258.82
1.2320,232.80,256.47
1.2330,236.59,260.64
1.2340,234.24,258.06
1.2350,233.55,257.29
1.2360,235.71,259.68
1.2370,235.02,258.92
1.2380,236.80,260.88
1.2390,236.59,260.65
1.2400,239.07,263.37
1.2410,239.82,264.21
1.2420,237.90,262.09
1.2430,235.38,259.31
1.2440,237.31,261.44
1.2450,238.38,262.62
1.2460,239.84,264.23
1.2470,238.24,262.47
1.2480,241.40,265.94
1.2490,238.73,263.00
1.2500,242.30,266.93
1.2510,239.98,264.38
1.2520,239.96,264.36
1.2530,242.53,267.19
1.2540,242.30,266.94
1.2550,243.95,268.75
1.2560,243.67,268.44
1.2570,242.72,267.40
1.2580,246.27,271.30
1.2590,246.57,271.64
1.2600,245.35,270.30
1.2610,246.91,272.02
1.2620,248.20,273.43
1.2630,248.29,273.53
1.2640,248.55,273.82
1.2650,248.75,274.04
1.2660,249.98,275.40
1.2670,251.35,276.90
1.2680,250.46,275.93
1.2690,248.19,273.42
1.2700,249.01,274.32
1.2710,250.32,275.77
1.2720,255.12,281.06
1.2730,252.71,278.40
1.2740,250.83,276.34
1.2750,253.85,279.66
1.2760,254.53,280.41
1.2770,255.74,281.74
1.2780,255.72,281.72
1.2790,253.81,279.62
1.2800,257.18,283.33
1.2810,258.71,285.02
1.2820,257.15,283.29
1.2830,258.57,284.86
1.2840,260.14,286.59
1.2850,261.10,287.65
1.2860,257.90,284.12
1.2870,261.06,287.60
1.2880,260.97,287.50
1.2890,260.71,287.22
1.2900,264.84,291.77
1.2910,262.74,289.45
1.2920,263.86,290.69
1.2930,266.94,294.09
1.2940,265.82,292.85
1.2950,268.31,295.59
1.2960,267.51,294.71
1.2970,269.79,297.22
1.2980,267.73,294.95
1.2990,270.42,297.91
1.3000,268.55,295.86
1.3010,275.72,303.75
1.3020,274.08,301.95
1.3030,271.78,299.41
1.3040,272.85,300.59
1.3050,274.49,302.40
1.3060,275.10,303.07
1.3070,277.02,305.18
1.3080,276.90,305.06
1.3090,277.26,305.45
1.3100,279.68,308.12
1.3110,280.13,308.61
1.3120,280.93,309.49
1.3130,280.44,308.95
1.3140,281.90,310.57
1.3150,282.97,311.74
1.3160,283.56,312.39
1.3170,281.56,310.19
1.3180,284.65,313.59
1.3190,286.89,316.06
1.3200,285.96,315.03
1.3210,287.34,316.56
1.3220,288.07,317.36
1.3230,290.01,319.50
1.3240,289.29,318.70
1.3250,290.40,319.93
1.3260,293.39,323.23
1.3270,292.89,322.67
1.3280,292.40,322.13
1.3290,294.11,324.01
1.3300,293.46,323.30
1.3310,297.57,327.83
1.3320,297.36,327.60
1.3330,297.59,327.85
1.3340,296.83,327.01
1.3350,300.48,331.03
1.3360,299.30,329.73
1.3370,301.40,332.04
1.3380,301.42,332.07
1.3390,304.13,335.05
1.3400,304.75,335.74
1.3410,304.87,335.87
1.3420,306.84,338.04
1.3430,306.15,337.28
1.3440,310.24,341.78
1.3450,306.97,338.18
1.3460,305.66,336.74
1.3470,311.90,343.61
1.3480,312.58,344.36
1.3490,313.15,344.99
1.3500,311.47,343.13
1.3510,316.05,348.18
1.3520,313.62,345.50
1.3530,316.18,348.33
1.3540,315.21,347.26
1.3550,317.27,349.53
1.3560,318.88,351.30
1.3570,321.43,354.11
1.3580,320.30,352.86
1.3590,322.09,354.84
1.3600,323.80,356.73
1.3610,326.23,359.40
1.3620,323.92,356.86
1.3630,324.94,357.98
1.3640,328.42,361.81
1.3650,327.34,360.62
1.3660,330.57,364.19
1.3670,329.70,363.23
1.3680,329.48,362.98
1.3690,326.82,360.05
1.3700,330.34,363.92
1.3710,332.23,366.01
1.3720,335.80,369.94
1.3730,336.63,370.86
1.3740,335.74,369.88
1.3750,337.43,371.74
1.3760,340.25,374.85
1.3770,338.73,373.17
1.3780,342.05,376.82
1.3790,341.78,376.53
1.3800,341.54,376.26
1.3810,341.29,375.99
1.3820,341.81,376.56
1.3830,346.56,381.80
1.3840,344.19,379.18
1.3850,348.98,384.46
1.3860,348.56,384.00
1.3870,348.38,383.80
1.3880,351.99,387.78
1.3890,351.55,387.29
1.3900,354.16,390.17
1.3910,357.63,394.00
1.3920,364.12,401.14
1.3930,367.13,404.46
1.3940,367.56,404.93
1.3950,375.08,413.21
1.3960,383.21,422.17
1.3970,385.74,424.96
1.3980,391.13,430.90
1.3990,394.04,434.11
1.4000,402.05,442.92
1.4010,403.06,444.04
1.4020,409.41,451.03
1.4030,415.15,457.36
1.4040,419.49,462.15
1.4050,426.64,470.02
1.4060,429.99,473.70
1.4070,434.85,479.06
1.4080,441.32,486.19
1.4090,446.01,491.36
1.4100,450.11,495.87
1.4110,457.35,503.85
1.4120,458.31,504.91
1.4130,462.46,509.48
1.4140,467.99,515.57
1.4150,473.98,522.18
1.4160,478.37,527.00
1.4170,485.86,535.26
1.4180,487.84,537.44
1.4190,495.10,545.44
1.4200,496.93,547.46
1.4210,502.90,554.03
1.4220,509.54,561.34
1.4230,511.63,563.65
1.4240,515.90,568.35
1.4250,520.48,573.40
1.4260,526.67,580.22
1.4270,529.24,583.05
1.4280,535.20,589.62
1.4290,540.25,595.18
1.4300,543.49,598.75
1.4310,550.90,606.91
1.4320,553.86,610.17
1.4330,557.06,613.70
1.4340,565.10,622.56
1.4350,565.74,623.26
1.4360,572.18,630.35
1.4370,577.20,635.89
1.4380,582.57,641.81
1.4390,586.25,645.86
1.4400,589.32,649.23
1.4410,595.15,655.66
1.4420,599.62,660.59
1.4430,603.14,664.46
1.4440,607.14,668.87
1.4450,617.56,680.35
1.4460,616.79,679.50
1.4470,620.72,683.83
1.4480,625.42,689.01
1.4490,630.94,695.09
1.4500,636.68,701.42
1.4510,640.93,706.10
1.4520,643.81,709.27
1.4530,646.39,712.11
1.4540,651.27,717.49
1.4550,655.18,721.80
1.4560,661.41,728.66
1.4570,664.32,731.86
1.4580,670.61,738.79
1.4590,673.53,742.01
1.4600,677.96,746.89
1.4610,683.49,752.99
1.4620,685.19,754.86
1.4630,689.99,760.15
1.4640,695.74,766.48
1.4650,698.66,769.70
1.4660,702.85,774.31
1.4670,708.63,780.68
1.4680,712.33,784.76
1.4690,715.67,788.44
1.4700,720.10,793.32
1.4710,723.18,796.70
1.4720,727.66,801.65
1.4730,729.29,803.44
1.4740,734.40,809.07
1.4750,740.07,815.32
1.4760,743.49,819.08
1.4770,746.72,822.64
1.4780,751.31,827.70
1.4790,753.08,829.65
1.4800,758.00,835.07
1.4810,758.64,835.77
1.4820,765.13,842.92
1.4830,766.61,844.55
1.4840,773.55,852.20
1.4850,775.60,854.46
1.4860,779.36,858.60
1.4870,785.12,864.95
1.4880,788.09,868.22
1.4890,789.65,869.94
1.4900,791.03,871.45
1.4910,798.25,879.41
1.4920,801.11,882.56
1.4930,803.56,885.26
1.4940,807.86,890.00
1.4950,811.72,894.25
1.4960,811.72,894.25
1.4970,820.38,903.79
1.4980,820.75,904.20
1.4990,826.91,910.99
1.5000,831.11,915.62
1.5010,832.46,917.10
1.5020,835.31,920.24
1.5030,836.13,921.14
1.5040,840.00,925.41
1.5050,843.33,929.08
1.5060,847.06,933.18
1.5070,852.61,939.30
1.5080,852.77,939.48
1.5090,855.73,942.74
1.5100,857.85,945.07
1.5110,864.42,952.31
1.5120,865.52,953.52
1.5130,867.25,955.43
1.5140,870.72,959.25
1.5150,874.79,963.73
1.5160,874.35,963.25
1.5170,877.49,966.71
1.5180,880.57,970.10
1.5190,884.17,974.06
1.5200,886.14,976.23
1.5210,888.49,978.82
1.5220,891.74,982.41
1.5230,895.19,986.21
1.5240,896.29,987.42
1.5250,899.93,991.43
1.5260,903.59,995.46
1.5270,903.48,995.34
1.5280,907.48,999.74
1.5290,910.60,1003.19
1.5300,910.39,1002.95
1.5310,916.09,1009.23
1.5320,913.92,1006.84
1.5330,918.70,1012.11
1.5340,922.87,1016.70
1.5350,923.17,1017.03
1.5360,923.20,1017.07
1.5370,925.13,1019.19
1.5380,929.81,1024.35
1.5390,928.53,1022.94
1.5400,932.28,1027.07
1.5410,935.03,1030.09
1.5420,937.05,1032.32
1.5430,940.88,1036.55
1.5440,942.66,1038.50
1.5450,944.49,1040.52
1.5460,944.92,1041.00
1.5470,946.07,1042.26
1.5480,948.40,1044.83
1.5490,952.24,1049.05
1.5500,951.49,1048.24
1.5510,956.42,1053.66
1.5520,955.12,1052.24
1.5530,956.58,1053.84
1.5540,958.05,1055.46
1.5550,956.93,1054.22
1.5560,960.82,1058.51
1.5570,962.33,1060.17
1.5580,965.58,1063.75
1.5590,967.22,1065.56
1.5600,968.13,1066.56
1.5610,968.66,1067.14
1.5620,967.15,1065.48
1.5630,970.49,1069.17
1.5640,971.26,1070.01
1.5650,971.10,1069.84
1.5660,973.14,1072.08
1.5670,973.48,1072.46
1.5680,975.13,1074.28
1.5690,975.70,1074.90
1.5700,977.69,1077.09
1.5710,979.26,1078.83
1.5720,979.60,1079.20
1.5730,981.17,1080.92
1.5740,981.00,1080.75
1.5750,980.56,1080.26
1.5760,983.29,1083.26
1.5770,981.50,1081.30
1.5780,983.67,1083.69
1.5790,984.82,1084.95
1.5800,985.90,1086.14
1.5810,983.39,1083.38
1.5820,986.59,1086.90
1.5830,984.70,1084.82
1.5840,987.24,1087.61
1.5850,987.49,1087.90
1.5860,989.81,1090.45
1.5870,987.87,1088.31
1.5880,987.58,1088.00
1.5890,989.65,1090.27
1.5900,988.40,1088.89
1.5910,988.81,1089.34
1.5920,990.77,1091.50
1.5930,988.67,1089.19
1.5940,990.53,1091.24
1.5950,989.69,1090.31
1.5960,986.32,1086.60
1.5970,989.86,1090.50
1.5980,988.70,1089.23
1.5990,987.20,1087.57
1.6000,989.85,1090.49
1.6010,988.00,1088.46
1.6020,986.02,1086.27
1.6030,984.58,1084.69
1.6040,983.99,1084.04
1.6050,978.80,1078.32
1.6060,980.66,1080.37
1.6070,975.94,1075.16
1.6080,975.90,1075.12
1.6090,973.20,1072.15
1.6100,974.57,1073.66
1.6110,967.52,1065.89
1.6120,964.51,1062.58
1.6130,961.68,1059.46
1.6140,960.41,1058.06
1.6150,952.64,1049.50
1.6160,952.77,1049.64
1.6170,949.72,1046.28
1.6180,946.58,1042.82
1.6190,939.14,1034.62
1.6200,935.64,1030.77
1.6210,931.88,1026.63
1.6220,928.92,1023.37
1.6230,925.68,1019.80
1.6240,918.23,1011.59
1.6250,914.76,1007.77
1.6260,906.85,999.05
1.6270,905.44,997.50
1.6280,900.12,991.64
1.6290,893.39,984.23
1.6300,887.68,977.94
1.6310,881.99,971.67
1.6320,874.82,963.77
1.6330,870.19,958.67
1.6340,861.48,949.07
1.6350,854.80,941.72
1.6360,851.01,937.53
1.6370,842.43,928.08
1.6380,837.01,922.11
1.6390,828.98,913.27
1.6400,819.66,902.99
1.6410,814.60,897.42
1.6420,806.42,888.42
1.6430,803.20,884.86
1.6440,793.64,874.34
1.6450,784.08,863.80
1.6460,778.30,857.43
1.6470,768.28,846.40
1.6480,758.61,835.74
1.6490,750.81,827.15
1.6500,746.48,822.38
1.6510,734.27,808.93
1.6520,726.41,800.26
1.6530,719.76,792.94
1.6540,709.44,781.57
1.6550,701.40,772.71
1.6560,692.44,762.84
1.6570,681.39,750.67
1.6580,671.19,739.44
1.6590,662.45,729.80
1.6600,652.13,718.43
1.6610,642.55,707.88
1.6620,632.37,696.67
1.6630,621.89,685.12
1.6640,613.15,675.49
1.6650,603.29,664.63
1.6660,591.37,651.50
1.6670,581.47,640.59
1.6680,572.14,630.31
1.6690,559.95,616.88
1.6700,549.74,605.63
1.6710,537.15,591.76
1.6720,527.48,581.11
1.6730,515.72,568.16
1.6740,506.02,557.46
1.6750,493.18,543.32
1.6760,483.40,532.55
1.6770,472.32,520.34
1.6780,462.15,509.14
1.6790,450.28,496.06
1.6800,440.50,485.28
1.6810,425.87,469.17
1.6820,414.80,456.97
1.6830,400.19,440.88
1.6840,390.04,429.70
1.6850,377.42,415.79
1.6860,371.37,409.13
1.6870,354.51,390.55
1.6880,341.38,376.09
1.6890,332.02,365.78
1.6900,318.16,350.51
1.6910,307.67,338.95
1.6920,294.11,324.01
1.6930,277.03,305.20
1.6940,269.42,296.81
1.6950,255.94,281.96
1.6960,242.80,267.49
1.6970,231.59,255.14
1.6980,217.60,239.73
1.6990,209.72,231.04
1.7000,193.28,212.94
1.7010,179.66,197.93
1.7020,167.32,184.33
1.7030,155.69,171.52
1.7040,143.03,157.58
1.7050,129.36,142.51
1.7060,114.55,126.19
1.7070,101.40,111.71
1.7080,89.64,98.75
1.7090,77.23,85.08
1.7100,67.05,73.87
1.7110,53.10,58.50
1.7120,38.01,41.87
1.7130,25.22,27.78
1.7140,14.71,16.21
1.7150,0.00,0.00
1.7160,0.00,0.00
1.7170,0.00,0.00
1.7180,0.00,0.00
1.7190,0.00,0.00
1.7200,0.00,0.00
1.7210,1.53,1.68
1.7220,0.00,0.00
1.7230,2.15,2.37
1.7240,0.00,0.00
1.7250,0.00,0.00
1.7260,1.21,1.33
1.7270,0.22,0.24
1.7280,2.65,2.92
1.7290,0.00,0.00
1.7300,1.25,1.38
1.7310,1.41,1.55
1.7320,0.00,0.00
1.7330,0.00,0.00
1.7340,0.00,0.00
1.7350,0.00,0.00
1.7360,0.00,0.00
1.7370,1.02,1.12
1.7380,0.00,0.00
1.7390,0.51,0.56
1.7400,0.00,0.00
1.7410,0.00,0.00
1.7420,1.18,1.30
1.7430,0.57,0.63
1.7440,1.95,2.15
1.7450,2.58,2.85
1.7460,0.07,0.07
1.7470,0.30,0.33
1.7480,0.68,0.75
1.7490,0.76,0.83
1.7500,0.00,0.00
1.7510,0.00,0.00
1.7520,0.01,0.01
1.7530,0.00,0.00
1.7540,0.00,0.00
1.7550,1.20,1.32
1.7560,0.00,0.00
1.7570,0.33,0.37
1.7580,1.88,2.08
1.7590,0.58,0.63
1.7600,0.83,0.91
1.7610,0.00,0.00
1.7620,0.07,0.08
1.7630,0.00,0.00
1.7640,0.74,0.82
1.7650,0.00,0.00
1.7660,0.11,0.13
1.7670,0.00,0.00
1.7680,0.03,0.04
1.7690,0.20,0.23
1.7700,0.00,0.00
1.7710,0.82,0.91
1.7720,1.57,1.73
1.7730,0.00,0.00
1.7740,0.00,0.00
1.7750,0.25,0.27
1.7760,0.00,0.00
1.7770,0.00,0.00
1.7780,0.00,0.00
1.7790,0.00,0.00
1.7800,0.34,0.37
1.7810,0.00,0.00
1.7820,0.00,0.00
1.7830,0.44,0.48
1.7840,0.46,0.51
1.7850,0.00,0.00
1.7860,0.00,0.00
1.7870,0.00,0.00
1.7880,1.49,1.64
1.7890,0.77,0.85
1.7900,0.00,0.00
1.7910,0.46,0.50
1.7920,0.19,0.21
1.7930,0.00,0.00
1.7940,0.47,0.51
1.7950,0.00,0.00
1.7960,0.00,0.00
1.7970,0.00,0.00
1.7980,1.47,1.62
1.7990,0.04,0.04
1.8000,0.00,0.00
1.8010,1.48,1.63
1.8020,0.00,0.00
1.8030,0.00,0.00
1.8040,0.02,0.02
1.8050,0.00,0.00
1.8060,0.54,0.60
1.8070,0.37,0.41
1.8080,0.00,0.00
1.8090,0.84,0.92
1.8100,0.00,0.00
1.8110,1.74,1.92
1.8120,0.00,0.00
1.8130,0.00,0.00
1.8140,0.00,0.00
1.8150,1.11,1.23
1.8160,0.00,0.00
1.8170,0.00,0.00
1.8180,4.28,4.72
1.8190,1.50,1.65
1.8200,0.00,0.00
1.8210,0.00,0.00
1.8220,0.00,0.00
1.8230,0.90,0.99
1.8240,0.26,0.29
1.8250,0.38,0.42
1.8260,0.00,0.00
1.8270,0.00,0.00
1.8280,0.00,0.00
1.8290,0.00,0.00
1.8300,1.07,1.18
1.8310,0.00,0.00
1.8320,0.00,0.00
1.8330,1.74,1.92
1.8340,1.05,1.15
1.8350,0.68,0.75
1.8360,0.00,0.00
1.8370,0.64,0.71
1.8380,0.00,0.00
1.8390,0.83,0.91
1.8400,0.22,0.24
1.8410,0.14,0.16
1.8420,0.37,0.41
1.8430,1.79,1.97
1.8440,0.85,0.94
1.8450,0.40,0.44
1.8460,0.38,0.42
1.8470,1.09,1.20
1.8480,0.28,0.31
1.8490,0.00,0.00
1.8500,1.09,1.20
1.8510,1.12,1.23
1.8520,0.00,0.00
1.8530,0.16,0.17
1.8540,1.14,1.26
1.8550,0.00,0.00
1.8560,0.97,1.07
1.8570,0.00,0.00
1.8580,1.11,1.22
1.8590,0.58,0.64
1.8600,1.05,1.15
1.8610,0.00,0.00
1.8620,0.00,0.00
1.8630,0.00,0.00
1.8640,0.00,0.00
1.8650,0.00,0.00
1.8660,1.79,1.97
1.8670,0.00,0.00
1.8680,0.77,0.85
1.8690,0.91,1.01
1.8700,0.61,0.67
1.8710,1.55,1.71
1.8720,1.09,1.20
1.8730,0.14,0.15
1.8740,0.74,0.81
1.8750,0.89,0.98
1.8760,1.67,1.84
1.8770,0.00,0.00
1.8780,0.00,0.00
1.8790,0.00,0.00
1.8800,0.00,0.00
1.8810,0.00,0.00
1.8820,0.02,0.02
1.8830,1.34,1.47
1.8840,0.00,0.00
1.8850,0.00,0.00
1.8860,0.52,0.57
1.8870,0.00,0.00
1.8880,2.14,2.36
1.8890,0.00,0.00
1.8900,0.86,0.95
1.8910,0.00,0.00
1.8920,1.51,1.66
1.8930,1.92,2.12
1.8940,0.00,0.00
1.8950,0.46,0.51
1.8960,0.00,0.00
1.8970,0.00,0.00
1.8980,0.00,0.00
1.8990,0.65,0.71
1.9000,1.45,1.60
1.9010,1.16,1.28
1.9020,0.00,0.00
1.9030,0.76,0.84
1.9040,0.00,0.00
1.9050,1.01,1.11
1.9060,0.00,0.00
1.9070,4.12,4.54
1.9080,3.14,3.46
1.9090,0.00,0.00
1.9100,1.63,1.80
1.9110,1.01,1.11
1.9120,3.57,3.93
1.9130,0.00,0.00
1.9140,3.06,3.37
1.9150,0.14,0.16
1.9160,0.00,0.00
1.9170,0.01,0.01
1.9180,0.00,0.00
1.9190,0.03,0.04
1.9200,1.59,1.75
1.9210,0.00,0.00
1.9220,0.82,0.90
1.9230,2.22,2.44
1.9240,0.04,0.05
1.9250,0.00,0.00
1.9260,1.15,1.27
1.9270,0.24,0.26
1.9280,0.44,0.49
1.9290,0.00,0.00
1.9300,0.35,0.39
1.9310,0.00,0.00
1.9320,1.41,1.56
1.9330,1.30,1.43
1.9340,0.00,0.00
1.9350,0.00,0.00
1.9360,0.00,0.00
1.9370,0.00,0.00
1.9380,0.02,0.02
1.9390,0.74,0.81
1.9400,0.61,0.67
1.9410,0.00,0.00
1.9420,0.00,0.00
1.9430,1.37,1.51
1.9440,0.00,0.00
1.9450,0.30,0.33
1.9460,0.00,0.00
1.9470,0.55,0.60
1.9480,0.16,0.18
1.9490,1.33,1.46
1.9500,1.02,1.12
1.9510,0.00,0.00
1.9520,0.00,0.00
1.9530,0.00,0.00
1.9540,0.85,0.94
1.9550,0.14,0.15
1.9560,1.47,1.62
1.9570,0.00,0.00
1.9580,0.98,1.08
1.9590,0.81,0.89
1.9600,0.00,0.00
1.9610,1.21,1.33
1.9620,0.61,0.68
1.9630,0.00,0.00
1.9640,0.00,0.00
1.9650,0.00,0.00
1.9660,0.38,0.42
1.9670,1.25,1.38
1.9680,2.45,2.69
1.9690,0.00,0.00
1.9700,0.00,0.00
1.9710,0.00,0.00
1.9720,1.16,1.27
1.9730,0.00,0.00
1.9740,0.00,0.00
1.9750,3.17,3.49
1.9760,0.00,0.00
1.9770,1.13,1.24
1.9780,0.00,0.00
1.9790,0.00,0.00
1.9800,0.00,0.00
1.9810,0.00,0.00
1.9820,0.00,0.00
1.9830,0.00,0.00
1.9840,0.74,0.81
1.9850,0.02,0.02
1.9860,0.16,0.18
1.9870,1.69,1.86
1.9880,0.00,0.00
1.9890,0.50,0.55
1.9900,0.00,0.00
1.9910,0.00,0.00
1.9920,0.10,0.11
1.9930,1.75,1.93
1.9940,0.00,0.00
1.9950,1.05,1.16
1.9960,0.00,0.00
1.9970,2.19,2.41
1.9980,1.57,1.73
1.9990,1.08,1.19
2.0000,0.00,0.00
2.0010,0.00,0.00
2.0020,0.00,0.00
2.0030,0.00,0.00
2.0040,0.00,0.00
2.0050,0.52,0.57
2.0060,1.07,1.18
2.0070,0.00,0.00
2.0080,2.94,3.24
2.0090,1.46,1.61
2.0100,0.83,0.92
2.0110,0.86,0.95
2.0120,0.00,0.00
2.0130,0.00,0.00
2.0140,1.10,1.21
2.0150,0.00,0.00
2.0160,0.00,0.00
2.0170,3.49,3.84
2.0180,0.07,0.08
2.0190,0.32,0.35
2.0200,0.49,0.53
2.0210,0.00,0.00
2.0220,0.63,0.69
2.0230,0.00,0.00
2.0240,1.70,1.88
2.0250,0.00,0.00
2.0260,0.00,0.00
2.0270,0.26,0.28
2.0280,0.00,0.00
2.0290,0.00,0.00
2.0300,0.42,0.47
2.0310,0.00,0.00
2.0320,0.00,0.00
2.0330,0.00,0.00
2.0340,0.84,0.92
2.0350,0.89,0.98
2.0360,0.00,0.00
2.0370,2.05,2.26
2.0380,0.74,0.81
2.0390,0.87,0.95
2.0400,0.00,0.00
2.0410,0.00,0.00
2.0420,0.00,0.00
2.0430,0.00,0.00
2.0440,0.00,0.00
2.0450,2.46,2.71
2.0460,0.99,1.09
2.0470,0.00,0.00
2.0480,1.07,1.18
2.0490,0.00,0.00
2.0500,0.52,0.58
2.0510,1.19,1.31
2.0520,0.00,0.00
2.0530,0.00,0.00
2.0540,0.00,0.00
2.0550,0.07,0.08
2.0560,0.00,0.00
2.0570,1.43,1.58
2.0580,0.00,0.00
2.0590,0.30,0.33
2.0600,0.20,0.22
2.0610,0.00,0.00
2.0620,0.00,0.00
2.0630,0.00,0.00
2.0640,0.00,0.00
2.0650,0.00,0.00
2.0660,0.97,1.06
2.0670,0.64,0.71
2.0680,1.38,1.52
2.0690,0.00,0.00
2.0700,1.40,1.54
2.0710,1.79,1.97
2.0720,0.15,0.16
2.0730,0.00,0.00
2.0740,0.00,0.00
2.0750,0.95,1.05
2.0760,1.59,1.76
2.0770,0.93,1.03
2.0780,0.11,0.12
2.0790,0.00,0.00
2.0800,0.08,0.08
2.0810,1.62,1.79
2.0820,0.00,0.00
2.0830,0.36,0.39
2.0840,2.28,2.52
2.0850,0.00,0.00
2.0860,0.89,0.98
2.0870,0.00,0.00
2.0880,1.10,1.21
2.0890,1.50,1.66
2.0900,0.00,0.00
2.0910,0.66,0.72
2.0920,0.00,0.00
2.0930,0.00,0.00
2.0940,1.03,1.13
2.0950,0.00,0.00
2.0960,0.00,0.00
2.0970,1.16,1.28
2.0980,0.00,0.00
2.0990,0.00,0.00
2.1000,2.33,2.56
2.1010,1.52,1.68
2.1020,0.00,0.00
2.1030,0.00,0.00
2.1040,0.00,0.00
2.1050,0.00,0.00
2.1060,0.00,0.00
2.1070,0.00,0.00
2.1080,0.48,0.53
2.1090,1.39,1.53
2.1100,0.00,0.00
2.1110,0.00,0.00
2.1120,0.86,0.95
2.1130,0.00,0.00
2.1140,0.00,0.00
2.1150,0.00,0.00
2.1160,0.00,0.00
2.1170,0.88,0.97
2.1180,0.72,0.80
2.1190,0.00,0.00
2.1200,1.39,1.53
2.1210,0.00,0.00
2.1220,0.00,0.00
2.1230,0.00,0.00
2.1240,0.00,0.00
2.1250,0.60,0.66
2.1260,0.00,0.00
2.1270,0.56,0.62
2.1280,0.86,0.95
2.1290,1.57,1.73
2.1300,0.00,0.00
2.1310,0.00,0.00
2.1320,0.00,0.00
2.1330,1.24,1.36
2.1340,0.53,0.58
2.1350,2.42,2.66
2.1360,0.28,0.30
2.1370,0.00,0.00
2.1380,0.00,0.00
2.1390,0.00,0.00
2.1400,0.00,0.00
2.1410,1.66,1.82
2.1420,2.60,2.86
2.1430,1.35,1.49
2.1440,0.35,0.39
2.1450,0.00,0.00
2.1460,0.00,0.00
2.1470,0.31,0.34
2.1480,1.12,1.23
2.1490,0.00,0.00
2.1500,0.12,0.13
2.1510,2.15,2.37
2.1520,0.00,0.00
2.1530,0.00,0.00
2.1540,2.19,2.41
2.1550,0.00,0.00
2.1560,0.00,0.00
2.1570,2.34,2.58
2.1580,0.00,0.00
2.1590,0.00,0.00
2.1600,1.77,1.95
2.1610,0.00,0.00
2.1620,0.00,0.00
2.1630,0.41,0.45
2.1640,1.00,1.11
2.1650,0.35,0.38
2.1660,0.97,1.07
2.1670,1.39,1.54
2.1680,0.00,0.00
2.1690,1.48,1.63
2.1700,0.02,0.02
2.1710,1.23,1.35
2.1720,0.00,0.00
2.1730,1.51,1.67
2.1740,0.00,0.00
2.1750,0.59,0.65
2.1760,0.64,0.70
2.1770,0.00,0.00
2.1780,2.05,2.26
2.1790,0.94,1.04
2.1800,0.00,0.00
2.1810,0.00,0.00
2.1820,0.00,0.00
2.1830,0.00,0.00
2.1840,2.38,2.62
2.1850,0.55,0.61
2.1860,0.00,0.00
2.1870,0.00,0.00
2.1880,3.17,3.50
2.1890,0.00,0.00
2.1900,0.00,0.00
2.1910,0.97,1.06
2.1920,0.00,0.00
2.1930,0.00,0.00
2.1940,2.31,2.55
2.1950,0.01,0.01
2.1960,0.00,0.00
2.1970,0.00,0.00
2.1980,0.00,0.00
2.1990,0.58,0.64
2.2000,0.44,0.48
2.2010,1410.13,1553.51
2.2020,1391.58,1533.07
2.2030,1367.96,1507.05
2.2040,1344.40,1481.10
2.2050,1319.90,1454.10
2.2060,1295.43,1427.15
2.2070,1268.58,1397.56
2.2080,1240.76,1366.92
2.2090,1210.39,1333.46
2.2100,1177.67,1297.41
2.2110,1151.18,1268.22
2.2120,1120.15,1234.04
2.2130,1089.46,1200.23
2.2140,1053.22,1160.31
2.2150,1022.78,1126.78
2.2160,988.58,1089.09
2.2170,958.15,1055.57
2.2180,921.15,1014.81
2.2190,887.89,978.17
2.2200,853.36,940.13
2.2210,821.56,905.09
2.2220,791.22,871.67
2.2230,757.12,834.10
2.2240,723.05,796.57
2.2250,687.79,757.72
2.2260,656.16,722.88
2.2270,626.48,690.18
2.2280,593.47,653.81
2.2290,565.87,623.40
2.2300,536.09,590.60
2.2310,502.45,553.53
2.2320,476.18,524.59
2.2330,447.07,492.52
2.2340,422.18,465.10
2.2350,392.53,432.44
2.2360,369.03,406.55
2.2370,345.52,380.65
2.2380,321.51,354.20
2.2390,300.18,330.70
2.2400,276.76,304.90
2.2410,253.01,278.73
2.2420,237.94,262.13
2.2430,217.27,239.36
2.2440,200.06,220.40
2.2450,184.48,203.24
2.2460,167.73,184.78
2.2470,153.33,168.92
2.2480,137.90,151.92
2.2490,123.18,135.71
2.2500,111.57,122.91
2.2510,103.61,114.14
2.2520,93.03,102.49
2.2530,81.20,89.46
2.2540,74.10,81.63
2.2550,65.56,72.22
2.2560,60.93,67.13
2.2570,57.47,63.32
2.2580,52.13,57.43
2.2590,45.26,49.86
2.2600,45.69,50.33
2.2610,41.24,45.43
2.2620,37.77,41.61
2.2630,36.41,40.11
2.2640,41.55,45.77
2.2650,41.86,46.12
2.2660,39.87,43.92
2.2670,41.32,45.52
2.2680,44.28,48.79
2.2690,49.95,55.03
2.2700,55.29,60.91
2.2710,55.35,60.97
2.2720,64.01,70.52
2.2730,67.42,74.27
2.2740,70.94,78.15
2.2750,77.85,85.76
2.2760,84.50,93.09
2.2770,92.97,102.42
2.2780,101.07,111.34
2.2790,106.33,117.14
2.2800,115.91,127.69
2.2810,123.90,136.50
2.2820,129.07,142.20
2.2830,140.36,154.63
2.2840,149.99,165.24
2.2850,154.87,170.61
2.2860,164.13,180.81
2.2870,175.87,193.76
2.2880,185.04,203.85
2.2890,193.59,213.27
2.2900,200.38,220.75
2.2910,213.70,235.43
2.2920,218.76,241.00
2.2930,231.17,254.67
2.2940,239.97,264.36
2.2950,249.65,275.04
2.2960,258.31,284.57
2.2970,268.64,295.96
2.2980,275.03,302.99
2.2990,281.27,309.87
2.3000,289.76,319.22
2.3010,301.32,331.96
2.3020,308.58,339.96
2.3030,314.10,346.04
2.3040,322.85,355.68
2.3050,330.43,364.03
2.3060,336.39,370.59
2.3070,345.64,380.79
2.3080,352.62,388.48
2.3090,357.23,393.55
2.3100,363.46,400.41
2.3110,369.43,407.00
2.3120,376.41,414.68
2.3130,382.94,421.87
2.3140,385.94,425.17
2.3150,392.29,432.18
2.3160,397.41,437.82
2.3170,401.08,441.86
2.3180,405.59,446.83
2.3190,410.89,452.67
2.3200,413.10,455.10
2.3210,416.04,458.34
2.3220,417.65,460.12
2.3230,422.66,465.63
2.3240,425.84,469.13
2.3250,427.70,471.18
2.3260,429.40,473.05
2.3270,432.40,476.37
2.3280,432.12,476.05
2.3290,433.90,478.01
2.3300,433.62,477.71
2.3310,434.64,478.83
2.3320,434.89,479.11
2.3330,434.43,478.60
2.3340,439.31,483.97
2.3350,437.12,481.57
2.3360,437.10,481.54
2.3370,437.11,481.55
2.3380,438.92,483.55
2.3390,435.19,479.44
2.3400,435.13,479.37
2.3410,433.56,477.64
2.3420,432.09,476.03
2.3430,433.07,477.11
2.3440,429.16,472.80
2.3450,429.52,473.19
2.3460,428.88,472.49
2.3470,427.51,470.98
2.3480,421.22,464.05
2.3490,421.77,464.66
2.3500,419.01,461.62
2.3510,420.55,463.31
2.3520,414.96,457.15
2.3530,414.93,457.12
2.3540,412.83,454.81
2.3550,408.58,450.12
2.3560,407.35,448.77
2.3570,402.86,443.82
2.3580,401.18,441.96
2.3590,398.54,439.06
2.3600,396.88,437.24
2.3610,393.43,433.43
2.3620,391.59,431.40
2.3630,390.92,430.67
2.3640,386.00,425.25
2.3650,385.49,424.68
2.3660,381.98,420.81
2.3670,378.11,416.56
2.3680,379.51,418.10
2.3690,376.68,414.98
2.3700,373.79,411.79
2.3710,370.48,408.15
2.3720,366.61,403.89
2.3730,364.80,401.89
2.3740,363.30,400.24
2.3750,361.71,398.49
2.3760,360.68,397.35
2.3770,358.36,394.79
2.3780,352.84,388.71
2.3790,352.67,388.53
2.3800,349.87,385.44
2.3810,349.60,385.15
2.3820,347.76,383.12
2.3830,347.12,382.41
2.3840,344.86,379.92
2.3850,345.32,380.43
2.3860,339.18,373.66
2.3870,340.27,374.86
2.3880,340.40,375.01
2.3890,337.93,372.29
2.3900,337.45,371.76
2.3910,336.92,371.17
2.3920,333.87,367.81
2.3930,335.44,369.54
2.3940,331.94,365.70
2.3950,336.51,370.73
2.3960,330.18,363.75
2.3970,331.31,365.00
2.3980,331.74,365.47
2.3990,330.94,364.58
2.4000,331.09,364.76
2.4010,329.70,363.22
2.4020,330.38,363.97
2.4030,328.80,362.23
2.4040,330.47,364.07
2.4050,330.12,363.69
2.4060,327.87,361.20
2.4070,326.99,360.24
2.4080,329.51,363.02
2.4090,329.55,363.06
2.4100,328.48,361.88
2.4110,326.36,359.54
2.4120,327.74,361.06
2.4130,332.46,366.26
2.4140,328.56,361.97
2.4150,332.18,365.96
2.4160,331.80,365.53
2.4170,331.53,365.24
2.4180,328.78,362.21
2.4190,335.68,369.81
2.4200,331.99,365.75
2.4210,333.67,367.59
2.4220,333.09,366.95
2.4230,334.57,368.59
2.4240,336.46,370.67
2.4250,337.60,371.92
2.4260,337.63,371.96
2.4270,338.66,373.10
2.4280,335.79,369.93
2.4290,335.89,370.04
2.4300,338.65,373.08
2.4310,340.35,374.96
2.4320,340.61,375.24
2.4330,341.89,376.65
2.4340,340.30,374.90
2.4350,342.30,377.11
2.4360,342.82,377.67
2.4370,343.14,378.03
2.4380,344.68,379.73
2.4390,348.58,384.02
2.4400,347.05,382.34
2.4410,347.84,383.20
2.4420,347.58,382.92
2.4430,348.96,384.44
2.4440,348.83,384.29
2.4450,349.19,384.70
2.4460,351.53,387.27
2.4470,349.81,385.38
2.4480,351.53,387.28
2.4490,350.93,386.61
2.4500,352.78,388.64
2.4510,352.13,387.93
2.4520,350.91,386.59
2.4530,353.13,389.03
2.4540,356.15,392.36
2.4550,354.09,390.09
2.4560,354.56,390.61
2.4570,356.79,393.06
2.4580,355.68,391.85
2.4590,356.44,392.68
2.4600,353.64,389.60
2.4610,354.78,390.85
2.4620,356.87,393.15
2.4630,356.48,392.73
2.4640,357.99,394.39
2.4650,354.93,391.01
2.4660,358.13,394.54
2.4670,357.49,393.83
2.4680,356.00,392.19
2.4690,359.99,396.59
2.4700,359.91,396.50
2.4710,358.32,394.75
2.4720,358.94,395.43
2.4730,359.60,396.16
2.4740,359.85,396.44
2.4750,357.22,393.54
2.4760,359.90,396.49
2.4770,359.23,395.76
2.4780,358.93,395.42
2.4790,356.82,393.10
2.4800,361.07,397.78
2.4810,359.38,395.92
2.4820,357.26,393.58
2.4830,357.11,393.42
2.4840,356.43,392.67
2.4850,358.15,394.56
2.4860,356.44,392.68
2.4870,357.78,394.16
2.4880,358.24,394.67
2.4890,358.07,394.48
2.4900,357.65,394.01
2.4910,358.22,394.64
2.4920,357.35,393.68
2.4930,358.40,394.84
2.4940,355.49,391.63
2.4950,357.36,393.70
2.4960,357.46,393.80
2.4970,358.26,394.68
2.4980,357.23,393.55
2.4990,357.03,393.33
2.5000,355.26,391.38
2.5010,355.51,391.66
2.5020,358.76,395.24
2.5030,356.99,393.28
2.5040,354.97,391.06
2.5050,355.26,391.38
2.5060,357.45,393.80
2.5070,356.43,392.67
2.5080,352.81,388.68
2.5090,354.88,390.97
2.5100,352.20,388.01
2.5110,353.83,389.81
2.5120,351.50,387.24
2.5130,354.40,390.43
2.5140,354.19,390.20
2.5150,355.14,391.25
2.5160,351.32,387.04
2.5170,354.33,390.36
2.5180,354.28,390.30
2.5190,353.86,389.84
2.5200,352.43,388.26
2.5210,350.45,386.08
2.5220,352.80,388.67
2.5230,351.62,387.37
2.5240,353.13,389.04
2.5250,349.03,384.52
2.5260,350.65,386.30
2.5270,352.67,388.53
2.5280,354.06,390.06
2.5290,351.98,387.77
2.5300,352.35,388.17
2.5310,352.51,388.35
2.5320,349.17,384.67
2.5330,351.73,387.49
2.5340,352.44,388.27
2.5350,350.51,386.15
2.5360,350.94,386.62
2.5370,351.43,387.16
2.5380,349.87,385.44
2.5390,351.36,387.08
2.5400,350.51,386.15
2.5410,350.16,385.76
2.5420,350.40,386.03
2.5430,350.34,385.96
2.5440,351.17,386.87
2.5450,351.53,387.28
2.5460,350.11,385.71
2.5470,351.68,387.44
2.5480,350.99,386.68
2.5490,350.24,385.85
2.5500,351.25,386.96
2.5510,351.95,387.74
2.5520,350.87,386.54
2.5530,350.09,385.68
2.5540,349.46,385.00
2.5550,350.49,386.13
2.5560,351.72,387.48
2.5570,349.15,384.65
2.5580,348.92,384.39
2.5590,351.84,387.61
2.5600,349.42,384.95
2.5610,351.91,387.69
2.5620,352.43,388.27
2.5630,352.17,387.98
2.5640,352.03,387.82
2.5650,350.07,385.66
2.5660,351.86,387.63
2.5670,350.41,386.04
2.5680,352.52,388.36
2.5690,349.62,385.16
2.5700,353.60,389.55
2.5710,352.20,388.01
2.5720,350.45,386.08
2.5730,351.83,387.60
2.5740,352.27,388.09
2.5750,351.71,387.47
2.5760,350.16,385.76
2.5770,351.83,387.61
2.5780,349.83,385.40
2.5790,354.30,390.33
2.5800,353.49,389.43
2.5810,351.65,387.40
2.5820,353.22,389.13
2.5830,351.77,387.53
2.5840,350.82,386.49
2.5850,351.65,387.40
2.5860,352.97,388.85
2.5870,352.98,388.87
2.5880,353.28,389.20
2.5890,351.86,387.63
2.5900,353.43,389.37
2.5910,352.55,388.40
2.5920,352.36,388.18
2.5930,350.99,386.68
2.5940,351.39,387.12
2.5950,353.39,389.32
2.5960,354.15,390.15
2.5970,353.25,389.17
2.5980,351.70,387.46
2.5990,352.79,388.66
2.6000,356.89,393.18
